<?xml version="1.0" encoding="UTF-8"?>
<rss version="2.0" xmlns:ror="http://rorweb.com/0.1/" >
<channel>
  <title>ROR Sitemap for http://banhkhome.com/</title>
  <link>http://banhkhome.com/</link>

<item>
     <link>http://banhkhome.com/</link>
     <title>Bánh Khô Mè Bà Liễu Mẹ</title>
     <description>Bánh khô mè bà liễu mẹ là Đặc sản truyền thống của Thành phố Đà Nẵng. Ra đời từ năm 1998, cở sở Bánh Khô Mè Bà Liễu Mẹ được hình thành và phát triền...</description>
     <ror:updatePeriod></ror:updatePeriod>
     <ror:sortOrder>0</ror:sortOrder>
     <ror:resourceOf>sitemap</ror:resourceOf>
</item>
<item>
     <link>http://banhkhome.com/gioi-thieu</link>
     <title>Giới thiệu</title>
     <description>Giới thiệu</description>
     <ror:updatePeriod></ror:updatePeriod>
     <ror:sortOrder>1</ror:sortOrder>
     <ror:resourceOf>sitemap</ror:resourceOf>
</item>
<item>
     <link>http://banhkhome.com/san-pham</link>
     <title>Sản phẩm</title>
     <description>Sản phẩm</description>
     <ror:updatePeriod></ror:updatePeriod>
     <ror:sortOrder>1</ror:sortOrder>
     <ror:resourceOf>sitemap</ror:resourceOf>
</item>
<item>
     <link>http://banhkhome.com/cong-dung</link>
     <title>Công dụng</title>
     <description>Công dụng</description>
     <ror:updatePeriod></ror:updatePeriod>
     <ror:sortOrder>1</ror:sortOrder>
     <ror:resourceOf>sitemap</ror:resourceOf>
</item>
<item>
     <link>http://banhkhome.com/mua-hang</link>
     <title>Mua hàng</title>
     <description>Mua hàng</description>
     <ror:updatePeriod></ror:updatePeriod>
     <ror:sortOrder>1</ror:sortOrder>
     <ror:resourceOf>sitemap</ror:resourceOf>
</item>
<item>
     <link>http://banhkhome.com/tin-tuc</link>
     <title>Tin tức</title>
     <description>Tin tức</description>
     <ror:updatePeriod></ror:updatePeriod>
     <ror:sortOrder>1</ror:sortOrder>
     <ror:resourceOf>sitemap</ror:resourceOf>
</item>
<item>
     <link>http://banhkhome.com/hinh-anh</link>
     <title>Hình ảnh</title>
     <description>Hình ảnh</description>
     <ror:updatePeriod></ror:updatePeriod>
     <ror:sortOrder>1</ror:sortOrder>
     <ror:resourceOf>sitemap</ror:resourceOf>
</item>
<item>
     <link>http://banhkhome.com/lien-he</link>
     <title>Liên hệ - Bánh Khô Mè Bà Liễu Mẹ</title>
     <description>Liên hệ - Bánh khô mè bà liễu mẹ là Đặc sản truyền thống của Thành phố Đà Nẵng. Ra đời từ năm 1998, cở sở Bánh Khô Mè Bà Liễu Mẹ được hình thành và phát triền...</description>
     <ror:updatePeriod></ror:updatePeriod>
     <ror:sortOrder>1</ror:sortOrder>
     <ror:resourceOf>sitemap</ror:resourceOf>
</item>
<item>
     <link>http://banhkhome.com/san-pham/banh-kho-me/banh-kho-me-hop-400gr-495.html</link>
     <title>Bánh khô mè hộp 400gr</title>
     <description>Bánh khô mè Bà Liễu Mẹ là một đặc sản ngon nổi tiếng vùng đất Quảng Nam - Đà nẵng, nhưng phải nói bánh khô mè sản xuất tại làng Cẩm Lệ là nổi tiếng thơm ngon nhất</description>
     <ror:updatePeriod></ror:updatePeriod>
     <ror:sortOrder>1</ror:sortOrder>
     <ror:resourceOf>sitemap</ror:resourceOf>
</item>
<item>
     <link>http://banhkhome.com/san-pham/banh-kho-me/banh-kho-me-den-hop-500gr-488.html</link>
     <title>Bánh khô mè đen hộp 500gr</title>
     <description>Bánh khô mè đen Bà Liễu Mẹ là một đặc sản ngon nổi tiếng vùng đất Quảng Nam - Đà nẵng, nhưng phải nói bánh khô mè đen sản xuất tại làng Cẩm Lệ là nổi tiếng thơm ngon nhất...</description>
     <ror:updatePeriod></ror:updatePeriod>
     <ror:sortOrder>1</ror:sortOrder>
     <ror:resourceOf>sitemap</ror:resourceOf>
</item>
<item>
     <link>http://banhkhome.com/san-pham/banh-kho-me/banh-kho-me-hop-500gr-494.html</link>
     <title>Bánh khô mè hộp 500gr</title>
     <description>Bánh khô mè Bà Liễu Mẹ là một đặc sản ngon nổi tiếng vùng đất Quảng Nam - Đà nẵng, nhưng phải nói bánh khô mè sản xuất tại làng Cẩm Lệ là nổi tiếng thơm ngon nhất...</description>
     <ror:updatePeriod></ror:updatePeriod>
     <ror:sortOrder>1</ror:sortOrder>
     <ror:resourceOf>sitemap</ror:resourceOf>
</item>
<item>
     <link>http://banhkhome.com/san-pham/banh-kho-me/banh-kho-me-dac-biet-hop-500gr-490.html</link>
     <title>Bánh khô mè Đặc Biệt hộp 500gr</title>
     <description>Bánh khô mè Bà Liễu Mẹ là một đặc sản ngon nổi tiếng vùng đất Quảng Nam - Đà nẵng, nhưng phải nói bánh khô mè sản xuất tại làng Cẩm Lệ là nổi tiếng thơm ngon nhất...</description>
     <ror:updatePeriod></ror:updatePeriod>
     <ror:sortOrder>1</ror:sortOrder>
     <ror:resourceOf>sitemap</ror:resourceOf>
</item>
<item>
     <link>http://banhkhome.com/san-pham/banh-kho-me/banh-kho-me-hop-250gr-493.html</link>
     <title>Bánh khô mè hộp 250gr</title>
     <description>Bánh khô mè Bà Liễu Mẹ là một đặc sản ngon nổi tiếng vùng đất Quảng Nam - Đà nẵng, nhưng phải nói bánh khô mè sản xuất tại làng Cẩm Lệ là nổi tiếng thơm ngon nhất...</description>
     <ror:updatePeriod></ror:updatePeriod>
     <ror:sortOrder>1</ror:sortOrder>
     <ror:resourceOf>sitemap</ror:resourceOf>
</item>
<item>
     <link>http://banhkhome.com/san-pham/banh-kho-me/banh-kho-me-den-hop-250gr-487.html</link>
     <title>Bánh khô mè đen hộp 250gr</title>
     <description>Bánh khô mè đen Bà Liễu Mẹ là một đặc sản ngon nổi tiếng vùng đất Quảng Nam - Đà nẵng, nhưng phải nói bánh khô mè đen sản xuất tại làng Cẩm Lệ là nổi tiếng thơm ngon nhất...</description>
     <ror:updatePeriod></ror:updatePeriod>
     <ror:sortOrder>1</ror:sortOrder>
     <ror:resourceOf>sitemap</ror:resourceOf>
</item>
<item>
     <link>http://banhkhome.com/gioi-thieu/ve-chung-toi/ve-chung-toi-770.html</link>
     <title>Giới thiệu Bánh Khô Mè Bà Liễu Mẹ</title>
     <description>BÁNH KHÔ MÈ BÀ LIỄU MẸ là Đặc sản truyền thống của Thành phố Đà Nẵng. Ra đời từ năm 1998, cở sở Bánh Khô Mè Bà Liễu Mẹ được hình thành và phát triền</description>
     <ror:updatePeriod></ror:updatePeriod>
     <ror:sortOrder>1</ror:sortOrder>
     <ror:resourceOf>sitemap</ror:resourceOf>
</item>
<item>
     <link>http://banhkhome.com/tin-tuc/tin-tuc-hoat-dong/tinh-hoa-am-thuc-da-nang-banh-kho-me-ba-lieu-me-776.html</link>
     <title>Tinh hoa ẩm thực Đà Nẵng - Bánh khô mè Bà Liễu Mẹ</title>
     <description>Có thể nói, bánh khô mè là một trong những tinh hoa ẩm thực đặc trưng nổi tiếng của người Đà Nẵng. Làng nghề nằm cách trung tâm thành phố khoảng 6km về phía Nam, với thương hiệu tiêu biểu là cơ sở sản xuất bánh khô mè Bà Liễu Mẹ, 200/1 Ông Ích Đường, Quận Cẩm Lệ, TP. Đà Nẵng...
</description>
     <ror:updatePeriod></ror:updatePeriod>
     <ror:sortOrder>1</ror:sortOrder>
     <ror:resourceOf>sitemap</ror:resourceOf>
</item>
<item>
     <link>http://banhkhome.com/tin-tuc/tin-tuc-hoat-dong/dac-san-khong-the-bo-qua-khi-ban-dang-o-da-nang-775.html</link>
     <title>Đặc sản không thể bỏ qua khi bạn đang ở Đà Nẵng</title>
     <description>Nhắc đến Đà Nẵng chắc hẳn ai cũng liên tưởng đến những cây cầu và một thành phố xanh sạch đẹp hấp dẫn du khách không chỉ bởi có nhiều địa điểm du lịch mà còn là thiên đường của ẩm thực đặc sắc, ngon khó cưỡng.
</description>
     <ror:updatePeriod></ror:updatePeriod>
     <ror:sortOrder>1</ror:sortOrder>
     <ror:resourceOf>sitemap</ror:resourceOf>
</item>
<item>
     <link>http://banhkhome.com/tin-tuc/tin-tuc-hoat-dong/lang-banh-kho-me-cam-le-vao-mua-tet-774.html</link>
     <title>Làng bánh khô mè Cẩm Lệ vào mùa Tết</title>
     <description>Về làng nghề truyền thống bánh khô mè quận Cẩm Lệ ( nay thuộc 2 phường Hòa Thọ Đông và phường Khuê Trung) thành phố Đà Nẵng để cảm nhận không khí làng nghề rộn rã vào vụ tết. Theo những người cao tuổi nơi đây, bánh khô mè Cẩm Lệ có từ thế kỉ 19, là sản phẩm không thể thiếu để cúng tổ... </description>
     <ror:updatePeriod></ror:updatePeriod>
     <ror:sortOrder>1</ror:sortOrder>
     <ror:resourceOf>sitemap</ror:resourceOf>
</item>
<item>
     <link>http://banhkhome.com/tin-tuc/tin-tuc-hoat-dong/xuan-ve-tren-vung-dat-cam-le-772.html</link>
     <title>Xuân về trên vùng đất Cẩm Lệ</title>
     <description>Đã có nhiều đổi thay trên vùng đất Cẩm Lệ hiền hòa trong lòng Đà Nẵng. Một cuộc lột xác ngoạn mục khi hơn năm nghìn hộ dân đã đồng thuận với chính quyền địa phương chuyển đến nơi ở mới.
</description>
     <ror:updatePeriod></ror:updatePeriod>
     <ror:sortOrder>2</ror:sortOrder>
     <ror:resourceOf>sitemap</ror:resourceOf>
</item>
<item>
     <link>http://banhkhome.com/san-pham/banh-kho-me/banh-kho-no-hop-400gr-489.html</link>
     <title>Bánh khô nổ hộp 400gr</title>
     <description>Bánh khô nổ Bà Liễu Mẹ là một đặc sản ngon nổi tiếng vùng đất Quảng Nam - Đà nẵng, nhưng phải nói bánh khô nổ sản xuất tại làng Cẩm Lệ là nổi tiếng thơm ngon nhất</description>
     <ror:updatePeriod></ror:updatePeriod>
     <ror:sortOrder>2</ror:sortOrder>
     <ror:resourceOf>sitemap</ror:resourceOf>
</item>
<item>
     <link>http://banhkhome.com/san-pham/banh-kho-me/banh-kho-me-goi-250gr-492.html</link>
     <title>Bánh khô mè gói 250gr</title>
     <description>Bánh khô mè Bà Liễu Mẹ là một đặc sản ngon nổi tiếng vùng đất Quảng Nam - Đà nẵng, nhưng phải nói bánh khô mè sản xuất tại làng Cẩm Lệ là nổi tiếng thơm ngon nhất...</description>
     <ror:updatePeriod></ror:updatePeriod>
     <ror:sortOrder>2</ror:sortOrder>
     <ror:resourceOf>sitemap</ror:resourceOf>
</item>
<item>
     <link>http://banhkhome.com/san-pham/banh-kho-me/banh-kho-me-goi-500gr-491.html</link>
     <title>Bánh khô mè gói 500gr</title>
     <description>Bánh khô mè Bà Liễu Mẹ là một đặc sản ngon nổi tiếng vùng đất Quảng Nam - Đà nẵng, nhưng phải nói bánh khô mè sản xuất tại làng Cẩm Lệ là nổi tiếng thơm ngon nhất...</description>
     <ror:updatePeriod></ror:updatePeriod>
     <ror:sortOrder>2</ror:sortOrder>
     <ror:resourceOf>sitemap</ror:resourceOf>
</item>
<item>
     <link>http://banhkhome.com/cong-dung/cong-dung/gia-tri-cua-hat-me-va-suc-khoe-ban-777.html</link>
     <title>Giá trị của Hạt mè và sức khỏe bạn</title>
     <description>Hạt mè hay được gọi là hạt vừng với nhiều loại, phổ biến là vừng vàng, vừng trắng và vừng đen. Hạt vừng có một hồ sơ dinh dưỡng rất kinh ngạc. Ngoài những vitamin thì trong hạt mè còn chứa lượng lớn các khoáng chất tự nhiên và các hợp chất hữu cơ bao gồm canxi, sắt, magiê, phốt pho, mangan, đồng, kẽm, chất... </description>
     <ror:updatePeriod></ror:updatePeriod>
     <ror:sortOrder>2</ror:sortOrder>
     <ror:resourceOf>sitemap</ror:resourceOf>
</item>
<item>
     <link>http://banhkhome.com/cong-dung/cong-dung/bot-gao-va-bot-nep-778.html</link>
     <title>Bột gạo và bột nếp</title>
     <description>Bột gạo rất gần gũi và quen thuộc trong những món ăn, món bánh của người Việt Nam. Từ nồi cháo sườn sớm mai đến những loại bánh trôi bánh chay, oản phẩm hay bánh in cúng Phật, đến những món bánh chiên như bánh rán, bánh xèo, bánh khọt, bánh khoái, bánh khô mè, v.v. bánh hấp như bánh bột lọc, bánh tằm bì,... </description>
     <ror:updatePeriod></ror:updatePeriod>
     <ror:sortOrder>2</ror:sortOrder>
     <ror:resourceOf>sitemap</ror:resourceOf>
</item>
<item>
     <link>http://banhkhome.com/cong-dung/cong-dung/cong-dung-cua-gung-co-the-ban-chua-biet-het-779.html</link>
     <title>Công dụng của gừng có thể bạn chưa biết hết</title>
     <description>Tục ngữ nói: “Đông ăn củ cải hạ ăn gừng, khỏi phiền bác sĩ kê đơn thuốc”. Trong cuộc sống, ngoài tác dụng làm gia vị cho món ăn, gừng còn chứa nhiều công hiệu trong chăm sóc sức khỏe và làm đẹp. Dưới đây là giới thiệu về 24 công dụng kỳ diệu của gừng:
</description>
     <ror:updatePeriod></ror:updatePeriod>
     <ror:sortOrder>2</ror:sortOrder>
     <ror:resourceOf>sitemap</ror:resourceOf>
</item>
<item>
     <link>http://banhkhome.com/cong-dung/cong-dung/loi-ich-cua-me-den-780.html</link>
     <title>Lợi ích của mè đen</title>
     <description>Hạt mè (có nơi gọi là hạt vừng), một loại thực phẩm rất quen thuộc và gần gũi với gia đình người Việt, vừa là món ngon vừa là dược phẩm hữu hiệu chữa được nhiều bệnh mà không tốn nhiều công sức.
</description>
     <ror:updatePeriod></ror:updatePeriod>
     <ror:sortOrder>2</ror:sortOrder>
     <ror:resourceOf>sitemap</ror:resourceOf>
</item>
<item>
     <link>http://banhkhome.com/mua-hang/</link>
     <title>Mua hàng</title>
     <description>Mua hàng</description>
     <ror:updatePeriod></ror:updatePeriod>
     <ror:sortOrder>2</ror:sortOrder>
     <ror:resourceOf>sitemap</ror:resourceOf>
</item>
<item>
     <link>http://banhkhome.com/tin-tuc/tin-tuc-hoat-dong/thom-gion-banh-kho-me-cam-le-da-nang-773.html</link>
     <title>Thơm giòn bánh khô mè Cầm Lệ Đà Nẵng</title>
     <description>Với nguyên liệu là gạo, nếp, đường, mè, người thợ đã cho ra những chiếc bánh khô mè thơm, giòn, xốp…Đây cũng là một trong ba món ăn của Đà Nẵng được Tổ chức kỷ lục Việt Nam công nhận là đặc sản của Việt Nam. Trước đây, bánh khô mè còn có tên gọi là bánh “bảy lửa”, vì khâu chế biến phải trải... </description>
     <ror:updatePeriod></ror:updatePeriod>
     <ror:sortOrder>2</ror:sortOrder>
     <ror:resourceOf>sitemap</ror:resourceOf>
</item>
<item>
     <link>http://banhkhome.com/san-pham/banh-kho-me</link>
     <title>Bánh khô mè</title>
     <description>Bánh khô mè</description>
     <ror:updatePeriod></ror:updatePeriod>
     <ror:sortOrder>2</ror:sortOrder>
     <ror:resourceOf>sitemap</ror:resourceOf>
</item>
<item>
     <link>http://banhkhome.com/gioi-thieu/ve-chung-toi</link>
     <title>Giới thiệu Bánh Khô Mè Bà Liễu Mẹ</title>
     <description>BÁNH KHÔ MÈ BÀ LIỄU MẸ là Đặc sản truyền thống của Thành phố Đà Nẵng. Ra đời từ năm 1998, cở sở Bánh Khô Mè Bà Liễu Mẹ được hình thành</description>
     <ror:updatePeriod></ror:updatePeriod>
     <ror:sortOrder>2</ror:sortOrder>
     <ror:resourceOf>sitemap</ror:resourceOf>
</item>
<item>
     <link>http://banhkhome.com/tin-tuc/tin-tuc-hoat-dong</link>
     <title>Tin tức hoạt động</title>
     <description>Tin tức hoạt động</description>
     <ror:updatePeriod></ror:updatePeriod>
     <ror:sortOrder>2</ror:sortOrder>
     <ror:resourceOf>sitemap</ror:resourceOf>
</item>
<item>
     <link>http://banhkhome.com/cong-dung/cong-dung</link>
     <title>Công dụng</title>
     <description>Công dụng</description>
     <ror:updatePeriod></ror:updatePeriod>
     <ror:sortOrder>3</ror:sortOrder>
     <ror:resourceOf>sitemap</ror:resourceOf>
</item>
</channel>
</rss>
  